{
  "cameras" : [
    {
      "group" : "side camera",
      "id" : "cam1",
      "origin" : [
	9.6,
	0,
	0
      ],
      "principal" : [
        1920,
        1080
      ],
      "right" : [
        3.3306690738754696E-16,
        -1,
        1.1102230246251565E-16
      ],
      "up" : [
        1.1102230246251565E-16,
        3.3306690738754696E-16,
        1
      ],
      "forward" : [
        1,
        1.1102230246251565E-16,
        -3.3306690738754696E-16
      ],
      "focal" : [
        1543.2,
        -1543.2
      ],
      "resolution" : [
        3840,
        2048
      ],
      "type" : "FTHETA",
      "distortion" : [
        0,
        0
      ],
      "version" : 1
    },
    {
      "group" : "side camera",
      "id" : "cam2",
      "origin" : [
        4.8,
	-8.3138,
        -0
      ],
      "principal" : [
        1920,
        1080
      ],
      "right" : [
	-0.866,
	-0.5,
        2.220446049250313E-16
      ],
      "up" : [
        2.220446049250313E-16,
        0,
        0.9999999999999999
      ],
      "forward" : [
	0.5,
	-0.866,	
        -0
      ],
      "focal" : [
        1543.2,
        -1543.2
      ],
      "resolution" : [
        3840,
        2048
      ],
      "type" : "FTHETA",
      "distortion" : [
        0,
        0
      ],
      "version" : 1
    },
    {
      "group" : "side camera",
      "id" : "cam3",
      "origin" : [
        -4.8,
	-8.3138,
        -2.4202861089795465E-15
      ],
      "principal" : [
        1920,
        1080
      ],
      "right" : [
        -0.866,
	0.5,
	1.1102230246251565E-16
      ],
      "up" : [
        2.220446049250313E-16,
        -1.1102230246251565E-16,
        1
      ],
      "forward" : [
        -0.5,
	-0.866,
        -1.1102230246251565E-16
      ],
      "focal" : [
        1543.2,
        -1543.2
      ],
      "resolution" : [
        3840,
        2048
      ],
      "type" : "FTHETA",
      "distortion" : [
        0,
        0
      ],
      "version" : 1
    },
    {
      "group" : "side camera",
      "id" : "cam4",
      "origin" : [
        -9.6,
	-1.175,
        -0
      ],
      "principal" : [
        1920,
        1080
      ],
      "right" : [
        -1.224e-16,
	1,
	2.3592239273284576E-16
      ],
      "up" : [
        2.3592239273284576E-16,
        0,
        1
      ],
      "forward" : [
        -1.0,
        -1.224e-16,
        -0
      ],
      "focal" : [
        1543.2,
        -1543.2
      ],
      "resolution" : [
        3840,
        2048
      ],
      "type" : "FTHETA",
      "distortion" : [
        0,
        0
      ],
      "version" : 1
    },
    {
      "group" : "side camera",
      "id" : "cam5",
      "origin" : [
        -4.8,
	8.3138,
        2.4202861089795465E-15
      ],
      "principal" : [
        1920,
        1080
      ],
      "right" : [
        0.86602,
	0.5,
	1.6653345369377348E-16
      ],
      "up" : [
        1.6653345369377348E-16,
        -1.1102230246251565E-16,
        0.9999999999999999
      ],
      "forward" : [
        -0.5,
	0.86602,
	1.1102230246251565E-16
      ],
      "focal" : [
        1543.2,
        -1543.2
      ],
      "resolution" : [
        3840,
        2048
      ],
      "type" : "FTHETA",
      "distortion" : [
        0,
        0
      ],
      "version" : 1
    },
    {
      "group" : "side camera",
      "id" : "cam6",
      "origin" : [
        4.8,
	8.3138,
        -2.4202861089795465E-15
      ],
      "principal" : [
        1920,
        1080
      ],
      "right" : [
        0.86602,
	-0.5,
	5.551115123125783E-17
      ],
      "up" : [
        5.551115123125783E-17,
        1.1102230246251565E-16,
        1
      ],
      "forward" : [
	0.5,
	0.86602,
	-1.1102230246251565E-16
      ],
      "focal" : [
        1543.2,
        -1543.2
      ],
      "resolution" : [
        3840,
        2048
      ],
      "type" : "FTHETA",
      "distortion" : [
        0,
        0
      ],
      "version" : 1
    },
    {
      "group" : "",
      "id" : "cam0",
      "origin" : [
        0,
        0,
        13.1
      ],
      "principal" : [
        1920,
        1080
      ],
      "right" : [
        -1,
        0,
        0
      ],
      "up" : [
        0,
        1,
        0
      ],
      "forward" : [
        0,
        0,
        1
      ],
      "focal" : [
        483.76220324,
        -483.76220324
      ],
      "resolution" : [
        3840,
        2048
      ],
      "type" : "FTHETA",
      "distortion" : [
        0,
        0
      ],
      "fov" : 1.61443,
      "version" : 1
    },
    {
      "group" : "",
      "id" : "cam15",
      "origin" : [
        -0,
        -0,
        -13.1
      ],
      "principal" : [
        1920,
        1080
      ],
      "right" : [
        1,
        0,
        0
      ],
      "up" : [
        0,
        1,
        0
      ],
      "forward" : [
        0,
        0,
        -1
      ],
      "focal" : [
        483.76220324,
        -483.76220324
      ],
      "resolution" : [
        3840,
        2048
      ],
      "type" : "FTHETA",
      "distortion" : [
        0,
        0
      ],
      "fov" : 1.61443,
      "version" : 1
    },
    {
      "group" : "",
      "id" : "cam16",
      "origin" : [
        0,
        9.8,
        -13.1
      ],
      "principal" : [
        1920,
        1080
      ],
      "right" : [
        -1,
        0,
        0
      ],
      "up" : [
        0,
        -1,
        0
      ],
      "forward" : [
        0,
        0,
        -1
      ],
      "focal" : [
        483.76220324,
        -483.76220324
      ],
      "resolution" : [
        3840,
        2048
      ],
      "type" : "FTHETA",
      "distortion" : [
        0,
        0
      ],
      "fov" : 1.61443,
      "version" : 1
    }
  ]
}
